<?xml version="1.0"?>
<series name="msp430">
  <chip name="msp430">
    <chip_id>0x0000</chip_id>
    <program_mode>j:JTAG|b:BSL</program_mode>
    <app_page_size>256</app_page_size>
    <app_page_num>239</app_page_num>
    <app_default>0xFF</app_default>
    <app_addr>0x1100</app_addr>
    <app_seg>0</app_seg>
  </chip>
  <chip name="msp430f112">
    <chip_id>0xF112</chip_id>
    <program_mode>jb</program_mode>
    <app_page_size>256</app_page_size>
    <app_page_num>239</app_page_num>
    <app_addr>0xF000</app_addr>
    <param0>0xF000</param0>
    <param1>0x0200</param1>
    <param2>0x02FF</param2>
    <param3>1</param3>
    <param4>0</param4>
    <param5>1</param5>
    <param6>0</param6>
    <param7>0</param7>
  </chip>
  <chip name="msp430f1132">
    <chip_id>0x1132</chip_id>
    <program_mode>jb</program_mode>
    <app_page_size>256</app_page_size>
    <app_page_num>239</app_page_num>
    <app_addr>0xE000</app_addr>
    <param0>0xE000</param0>
    <param1>0x0200</param1>
    <param2>0x02FF</param2>
    <param3>1</param3>
    <param4>0</param4>
    <param5>1</param5>
    <param6>0</param6>
    <param7>0</param7>
  </chip>
  <chip name="msp430f123">
    <chip_id>0xF123</chip_id>
    <program_mode>jb</program_mode>
    <app_page_size>256</app_page_size>
    <app_page_num>239</app_page_num>
    <app_addr>0xE000</app_addr>
    <param0>0xE000</param0>
    <param1>0x0200</param1>
    <param2>0x02FF</param2>
    <param3>1</param3>
    <param4>0</param4>
    <param5>0</param5>
    <param6>0</param6>
    <param7>0</param7>
  </chip>
  <chip name="msp430f1232">
    <chip_id>0x1232</chip_id>
    <program_mode>jb</program_mode>
    <app_page_size>256</app_page_size>
    <app_page_num>239</app_page_num>
    <app_addr>0xE000</app_addr>
    <param0>0xE000</param0>
    <param1>0x0200</param1>
    <param2>0x02FF</param2>
    <param3>1</param3>
    <param4>0</param4>
    <param5>1</param5>
    <param6>0</param6>
    <param7>0</param7>
  </chip>
  <chip name="msp430f149">
    <chip_id>0xF149</chip_id>
    <program_mode>jb</program_mode>
    <app_page_size>256</app_page_size>
    <app_page_num>239</app_page_num>
    <app_addr>0x1100</app_addr>
    <param0>0x1100</param0>
    <param1>0x0200</param1>
    <param2>0x09FF</param2>
    <param3>0</param3>
    <param4>0</param4>
    <param5>1</param5>
    <param6>0</param6>
    <param7>0</param7>
  </chip>
  <chip name="msp430f169">
    <chip_id>0xF169</chip_id>
    <program_mode>jb</program_mode>
    <app_page_size>256</app_page_size>
    <app_page_num>239</app_page_num>
    <app_addr>0x1100</app_addr>
    <param0>0x1100</param0>
    <param1>0x0200</param1>
    <param2>0x09FF</param2>
    <param3>0</param3>
    <param4>0</param4>
    <param5>1</param5>
    <param6>0</param6>
    <param7>0</param7>
  </chip>
  <chip name="msp430f1610">
    <chip_id>0xF16C</chip_id>
    <program_mode>jb</program_mode>
    <app_page_size>256</app_page_size>
    <app_page_num>239</app_page_num>
    <app_addr>0x8000</app_addr>
    <param0>0x8000</param0>
    <param1>0x1100</param1>
    <param2>0x24FF</param2>
    <param3>1</param3>
    <param4>0</param4>
    <param5>1</param5>
    <param6>0</param6>
    <param7>0</param7>
  </chip>
  <chip name="msp430f2013">
    <chip_id>0xF201</chip_id>
    <program_mode>jsb</program_mode>
    <app_page_size>256</app_page_size>
    <app_page_num>239</app_page_num>
    <app_addr>0xF800</app_addr>
    <param0>0xF800</param0>
    <param1>0x0200</param1>
    <param2>0x027F</param2>
    <param3>1</param3>
    <param4>0</param4>
    <param5>1</param5>
    <param6>1</param6>
    <param7>0</param7>
  </chip>
  <chip name="msp430f2131">
    <chip_id>0xF213</chip_id>
    <program_mode>jb</program_mode>
    <app_page_size>256</app_page_size>
    <app_page_num>239</app_page_num>
    <app_addr>0xE000</app_addr>
    <param0>0xE000</param0>
    <param1>0x0200</param1>
    <param2>0x02FF</param2>
    <param3>1</param3>
    <param4>0</param4>
    <param5>1</param5>
    <param6>1</param6>
    <param7>0</param7>
  </chip>
  <chip name="msp430f2274">
    <chip_id>0xF227</chip_id>
    <program_mode>jsb</program_mode>
    <app_page_size>256</app_page_size>
    <app_page_num>239</app_page_num>
    <app_addr>0x8000</app_addr>
    <param0>0x8000</param0>
    <param1>0x0200</param1>
    <param2>0x05FF</param2>
    <param3>1</param3>
    <param4>0</param4>
    <param5>1</param5>
    <param6>1</param6>
    <param7>1</param7>
  </chip>
  <chip name="msp430f2370">
    <chip_id>0xF237</chip_id>
    <program_mode>jb</program_mode>
    <app_page_size>256</app_page_size>
    <app_page_num>239</app_page_num>
    <app_addr>0x8000</app_addr>
    <param0>0x8000</param0>
    <param1>0x0200</param1>
    <param2>0x09FF</param2>
    <param3>1</param3>
    <param4>0</param4>
    <param5>1</param5>
    <param6>1</param6>
    <param7>1</param7>
  </chip>
  <chip name="msp430f249">
    <chip_id>0xF249</chip_id>
    <program_mode>jb</program_mode>
    <app_page_size>256</app_page_size>
    <app_page_num>239</app_page_num>
    <app_addr>0x1100</app_addr>
    <param0>0x1100</param0>
    <param1>0x0200</param1>
    <param2>0x09FF</param2>
    <param3>0</param3>
    <param4>0</param4>
    <param5>1</param5>
    <param6>1</param6>
    <param7>1</param7>
  </chip>
  <chip name="msp430f2619">
    <chip_id>0xF26F</chip_id>
    <program_mode>jb</program_mode>
    <app_page_size>256</app_page_size>
    <app_page_num>239</app_page_num>
    <app_addr>0x2100</app_addr>
    <param0>0x2100</param0>
    <param1>0x1100</param1>
    <param2>0x20FF</param2>
    <param3>0</param3>
    <param4>1</param4>
    <param5>1</param5>
    <param6>0</param6>
    <param7>1</param7>
  </chip>
  <chip name="msp430f413">
    <chip_id>0xF413</chip_id>
    <program_mode>jb</program_mode>
    <app_page_size>256</app_page_size>
    <app_page_num>239</app_page_num>
    <app_addr>0xE000</app_addr>
    <param0>0xE000</param0>
    <param1>0x0200</param1>
    <param2>0x02FF</param2>
    <param3>0</param3>
    <param4>0</param4>
    <param5>0</param5>
    <param6>0</param6>
    <param7>0</param7>
  </chip>
  <chip name="msp430fw427">
    <chip_id>0xF427</chip_id>
    <program_mode>jb</program_mode>
    <app_page_size>256</app_page_size>
    <app_page_num>239</app_page_num>
    <app_addr>0xE000</app_addr>
    <param0>0xE000</param0>
    <param1>0x0200</param1>
    <param2>0x02FF</param2>
    <param3>0</param3>
    <param4>0</param4>
    <param5>1</param5>
    <param6>0</param6>
    <param7>0</param7>
  </chip>
  <chip name="msp430f4270">
    <chip_id>0xF427</chip_id>
    <program_mode>jb</program_mode>
    <app_page_size>256</app_page_size>
    <app_page_num>129</app_page_num>
    <app_addr>0x8000</app_addr>
    <param0>0x8000</param0>
    <param1>0x0200</param1>
    <param2>0x02FF</param2>
    <param3>0</param3>
    <param4>0</param4>
    <param5>1</param5>
    <param6>0</param6>
    <param7>0</param7>
  </chip>
  <chip name="msp430f437">
    <chip_id>0xF437</chip_id>
    <program_mode>jb</program_mode>
    <app_page_size>256</app_page_size>
    <app_page_num>239</app_page_num>
    <app_addr>0xA000</app_addr>
    <param0>0xA000</param0>
    <param1>0x0200</param1>
    <param2>0x05FF</param2>
    <param3>0</param3>
    <param4>0</param4>
    <param5>1</param5>
    <param6>0</param6>
    <param7>0</param7>
  </chip>
  <chip name="msp430fg439">
    <chip_id>0xF439</chip_id>
    <program_mode>jb</program_mode>
    <app_page_size>256</app_page_size>
    <app_page_num>239</app_page_num>
    <app_addr>0x1100</app_addr>
    <param0>0x1100</param0>
    <param1>0x0200</param1>
    <param2>0x09FF</param2>
    <param3>0</param3>
    <param4>0</param4>
    <param5>1</param5>
    <param6>0</param6>
    <param7>0</param7>
  </chip>
  <chip name="msp430f449">
    <chip_id>0xF449</chip_id>
    <program_mode>jb</program_mode>
    <app_page_size>256</app_page_size>
    <app_page_num>239</app_page_num>
    <app_addr>0x1100</app_addr>
    <param0>0x1100</param0>
    <param1>0x0200</param1>
    <param2>0x09FF</param2>
    <param3>0</param3>
    <param4>0</param4>
    <param5>1</param5>
    <param6>0</param6>
    <param7>0</param7>
  </chip>
  <chip name="msp430fg4619">
    <chip_id>0xF46F</chip_id>
    <program_mode>jb</program_mode>
    <app_page_size>256</app_page_size>
    <app_page_num>239</app_page_num>
    <app_addr>0x2100</app_addr>
    <param0>0x2100</param0>
    <param1>0x1100</param1>
    <param2>0x20FF</param2>
    <param3>0</param3>
    <param4>1</param4>
    <param5>1</param5>
    <param6>1</param6>
    <param7>1</param7>
  </chip>
</series>
