<?xml version="1.0"?>
<series name="nuc400">
  <chip name="nuc400">
    <chip_id>0x0000</chip_id>
    <program_mode>j:JTAG(F)|s:SWD</program_mode>
    <app_page_size>512</app_page_size>
    <app_page_num>256</app_page_num>
    <app_default>0xFF</app_default>
    <app_seg>0</app_seg>
    <app_addr>0x00000000</app_addr>
    <usrsig_size>16</usrsig_size>
    <usrsig_default>0xFF</usrsig_default>
    <fuse init="0xFFFFFFFF:0xFFFFFFFF:0xFFFFFFFF" bytesize="12" format="%4x%4x%4x" />
    <uid init="0xFFFFFFFF:0xFFFFFFFF:0xFFFFFFFF" bytesize="12" mask="0xFFFFFFFF:0xFFFFFFFF:0xFFFFFFFF" format="%4x%4x%4x"></uid>
    <usrsig init="0xFFFFFFFF:0xFFFFFFFF:0xFFFFFFFF:0xFFFFFFFF" bytesize="16" mask="0xFFFFFFFF:0xFFFFFFFF:0xFFFFFFFF:0xFFFFFFFF" format="%4x%4x%4x%4x"></usrsig>
  </chip>
  <chip name="nuc442rg8ae">
    <chip_id>0x00044212</chip_id>
    <program_mode>s</program_mode>
    <app_page_size>2048</app_page_size>
    <app_page_num>128</app_page_num>
    <usrsig_size>16</usrsig_size>
    <usrsig_default>0xFF</usrsig_default>
    <fuse init="0xFFFFFFFF:0xFFFFFFFF:0xFFFFFFFF" bytesize="12" format="%4x%4x%4x" />
    <uid init="0xFFFFFFFF:0xFFFFFFFF:0xFFFFFFFF" bytesize="12" mask="0xFFFFFFFF:0xFFFFFFFF:0xFFFFFFFF" format="%4x%4x%4x"></uid>
    <usrsig init="0xFFFFFFFF:0xFFFFFFFF:0xFFFFFFFF:0xFFFFFFFF" bytesize="16" mask="0xFFFFFFFF:0xFFFFFFFF:0xFFFFFFFF:0xFFFFFFFF" format="%4x%4x%4x%4x"></usrsig>
  </chip>
  <chip name="nuc442ri8ae">
    <chip_id>0x00044210</chip_id>
    <program_mode>s</program_mode>
    <app_page_size>2048</app_page_size>
    <app_page_num>256</app_page_num>
    <usrsig_size>16</usrsig_size>
    <usrsig_default>0xFF</usrsig_default>
    <fuse init="0xFFFFFFFF:0xFFFFFFFF:0xFFFFFFFF" bytesize="12" format="%4x%4x%4x" />
    <uid init="0xFFFFFFFF:0xFFFFFFFF:0xFFFFFFFF" bytesize="12" mask="0xFFFFFFFF:0xFFFFFFFF:0xFFFFFFFF" format="%4x%4x%4x"></uid>
    <usrsig init="0xFFFFFFFF:0xFFFFFFFF:0xFFFFFFFF:0xFFFFFFFF" bytesize="16" mask="0xFFFFFFFF:0xFFFFFFFF:0xFFFFFFFF:0xFFFFFFFF" format="%4x%4x%4x%4x"></usrsig>
  </chip>
</series>
