<?xml version="1.0"?>
<series name="psoc1">
  <chip name="psoc1">
    <chip_id>0x0000</chip_id>
    <program_mode>p:POWERON|r:RESET</program_mode>
    <chip_erase>1</chip_erase>
    <app_page_size>64</app_page_size>
    <app_page_num>256</app_page_num>
    <app_default>0</app_default>
    <app_addr>0</app_addr>
    <app_seg>0</app_seg>
    <lock_default>0xFF</lock_default>
    <lock_addr>0x00100000</lock_addr>
    <lock_page_size>1</lock_page_size>
    <lock_page_num>64</lock_page_num>
  </chip>
  <chip name="cy8c21123">
    <chip_id>0x1700</chip_id>
    <program_mode>p</program_mode>
    <app_page_size>64</app_page_size>
    <app_page_num>64</app_page_num>
    <lock_page_num>64</lock_page_num>
    <param0>1</param0>
  </chip>
  <chip name="cy8c21223">
    <chip_id>0x1800</chip_id>
    <program_mode>p</program_mode>
    <app_page_size>64</app_page_size>
    <app_page_num>64</app_page_num>
    <lock_page_num>64</lock_page_num>
    <param0>1</param0>
  </chip>
  <chip name="cy8c21323">
    <chip_id>0x1900</chip_id>
    <program_mode>rp</program_mode>
    <app_page_size>64</app_page_size>
    <app_page_num>64</app_page_num>
    <lock_page_num>64</lock_page_num>
    <param0>1</param0>
  </chip>
  <chip name="cy8c21234">
    <chip_id>0x3600</chip_id>
    <program_mode>p</program_mode>
    <app_page_size>64</app_page_size>
    <app_page_num>128</app_page_num>
    <lock_page_num>64</lock_page_num>
    <param0>1</param0>
  </chip>
  <chip name="cy8c21334">
    <chip_id>0x3700</chip_id>
    <program_mode>rp</program_mode>
    <app_page_size>64</app_page_size>
    <app_page_num>128</app_page_num>
    <lock_page_num>64</lock_page_num>
    <param0>1</param0>
  </chip>
  <chip name="cy8c21434">
    <chip_id>0x3800</chip_id>
    <program_mode>rp</program_mode>
    <app_page_size>64</app_page_size>
    <app_page_num>128</app_page_num>
    <lock_page_num>64</lock_page_num>
    <param0>1</param0>
  </chip>
  <chip name="cy8c21534">
    <chip_id>0x4000</chip_id>
    <program_mode>rp</program_mode>
    <app_page_size>64</app_page_size>
    <app_page_num>128</app_page_num>
    <lock_page_num>64</lock_page_num>
    <param0>1</param0>
  </chip>
  <chip name="cy8c21634">
    <chip_id>0x4900</chip_id>
    <program_mode>rp</program_mode>
    <app_page_size>64</app_page_size>
    <app_page_num>128</app_page_num>
    <lock_page_num>64</lock_page_num>
    <param0>1</param0>
  </chip>
  <chip name="cy8c22113">
    <chip_id>0x0F00</chip_id>
    <program_mode>p</program_mode>
    <app_page_size>64</app_page_size>
    <app_page_num>32</app_page_num>
    <lock_page_num>64</lock_page_num>
    <param0>1</param0>
  </chip>
  <chip name="cy8c22213">
    <chip_id>0x1000</chip_id>
    <program_mode>rp</program_mode>
    <app_page_size>64</app_page_size>
    <app_page_num>32</app_page_num>
    <lock_page_num>64</lock_page_num>
    <param0>1</param0>
  </chip>
  <chip name="cy8c24123">
    <chip_id>0x1200</chip_id>
    <program_mode>p</program_mode>
    <app_page_size>64</app_page_size>
    <app_page_num>64</app_page_num>
    <lock_page_num>64</lock_page_num>
    <param0>1</param0>
  </chip>
  <chip name="cy8c24223">
    <chip_id>0x1300</chip_id>
    <program_mode>rp</program_mode>
    <app_page_size>64</app_page_size>
    <app_page_num>64</app_page_num>
    <lock_page_num>64</lock_page_num>
    <param0>1</param0>
  </chip>
  <chip name="cy8c24423">
    <chip_id>0x1400</chip_id>
    <program_mode>rp</program_mode>
    <app_page_size>64</app_page_size>
    <app_page_num>64</app_page_num>
    <lock_page_num>64</lock_page_num>
    <param0>1</param0>
  </chip>
  <chip name="cy8c24123a">
    <chip_id>0x3200</chip_id>
    <program_mode>p</program_mode>
    <app_page_size>64</app_page_size>
    <app_page_num>64</app_page_num>
    <lock_page_num>64</lock_page_num>
    <param0>1</param0>
  </chip>
  <chip name="cy8c24223a">
    <chip_id>0x3300</chip_id>
    <program_mode>rp</program_mode>
    <app_page_size>64</app_page_size>
    <app_page_num>64</app_page_num>
    <lock_page_num>64</lock_page_num>
    <param0>1</param0>
  </chip>
  <chip name="cy8c24423a">
    <chip_id>0x3400</chip_id>
    <program_mode>rp</program_mode>
    <app_page_size>64</app_page_size>
    <app_page_num>64</app_page_num>
    <lock_page_num>64</lock_page_num>
    <param0>1</param0>
  </chip>
  <chip name="cy8c27143">
    <chip_id>0x0800</chip_id>
    <program_mode>p</program_mode>
    <app_page_size>64</app_page_size>
    <app_page_num>256</app_page_num>
    <lock_page_num>64</lock_page_num>
    <param0>1</param0>
  </chip>
  <chip name="cy8c27243">
    <chip_id>0x0A00</chip_id>
    <program_mode>rp</program_mode>
    <app_page_size>64</app_page_size>
    <app_page_num>256</app_page_num>
    <lock_page_num>64</lock_page_num>
    <param0>1</param0>
  </chip>
  <chip name="cy8c27443">
    <chip_id>0x0B00</chip_id>
    <program_mode>rp</program_mode>
    <app_page_size>64</app_page_size>
    <app_page_num>256</app_page_num>
    <lock_page_num>64</lock_page_num>
    <param0>1</param0>
  </chip>
  <chip name="cy8c27543">
    <chip_id>0x0C00</chip_id>
    <program_mode>rp</program_mode>
    <app_page_size>64</app_page_size>
    <app_page_num>256</app_page_num>
    <lock_page_num>64</lock_page_num>
    <param0>1</param0>
  </chip>
  <chip name="cy8c27643">
    <chip_id>0x0D00</chip_id>
    <program_mode>rp</program_mode>
    <app_page_size>64</app_page_size>
    <app_page_num>256</app_page_num>
    <lock_page_num>64</lock_page_num>
    <param0>1</param0>
  </chip>
  <chip name="cy8c24794">
    <chip_id>0x1D00</chip_id>
    <program_mode>rp</program_mode>
    <app_page_size>64</app_page_size>
    <app_page_num>128</app_page_num>
    <lock_page_num>64</lock_page_num>
    <param0>2</param0>
  </chip>
  <chip name="cy8c24894">
    <chip_id>0x1F00</chip_id>
    <program_mode>rp</program_mode>
    <app_page_size>64</app_page_size>
    <app_page_num>128</app_page_num>
    <lock_page_num>64</lock_page_num>
    <param0>2</param0>
  </chip>
  <chip name="cy8c24994">
    <chip_id>0x5900</chip_id>
    <program_mode>rp</program_mode>
    <app_page_size>64</app_page_size>
    <app_page_num>128</app_page_num>
    <lock_page_num>64</lock_page_num>
    <param0>2</param0>
  </chip>
  <chip name="cy8c29466">
    <chip_id>0x2A00</chip_id>
    <program_mode>rp</program_mode>
    <app_page_size>64</app_page_size>
    <app_page_num>512</app_page_num>
    <lock_page_num>128</lock_page_num>
    <param0>4</param0>
  </chip>
  <chip name="cy8c29566">
    <chip_id>0x2B00</chip_id>
    <program_mode>rp</program_mode>
    <app_page_size>64</app_page_size>
    <app_page_num>512</app_page_num>
    <lock_page_num>128</lock_page_num>
    <param0>4</param0>
  </chip>
  <chip name="cy8c29666">
    <chip_id>0x2C00</chip_id>
    <program_mode>rp</program_mode>
    <app_page_size>64</app_page_size>
    <app_page_num>512</app_page_num>
    <lock_page_num>128</lock_page_num>
    <param0>4</param0>
  </chip>
  <chip name="cy8c29866">
    <chip_id>0x2D00</chip_id>
    <program_mode>rp</program_mode>
    <app_page_size>64</app_page_size>
    <app_page_num>512</app_page_num>
    <lock_page_num>128</lock_page_num>
    <param0>4</param0>
  </chip>
  <chip name="cy7c64215">
    <chip_id>0x0000</chip_id>
    <program_mode>rp</program_mode>
    <app_page_size>64</app_page_size>
    <app_page_num>128</app_page_num>
    <lock_page_num>64</lock_page_num>
    <param0>2</param0>
  </chip>
  <chip name="cy7c603xx">
    <chip_id>0x0000</chip_id>
    <program_mode>rp</program_mode>
    <app_page_size>64</app_page_size>
    <app_page_num>128</app_page_num>
    <lock_page_num>64</lock_page_num>
    <param0>1</param0>
  </chip>
  <chip name="cywusb6953">
    <chip_id>0x0000</chip_id>
    <program_mode>rp</program_mode>
    <app_page_size>64</app_page_size>
    <app_page_num>128</app_page_num>
    <lock_page_num>64</lock_page_num>
    <param0>1</param0>
  </chip>
</series>
